<?xml version="1.0" encoding="UTF-8"?>
<!DOCTYPE suite SYSTEM "http://testng.org/testng-1.0.dtd">
<suite name="CRM Free Application Test">

<listeners>

	<listener class-name="com.crm.qa.extentReportListener.ExtentReporterNG"></listener>
</listeners>

  <test name="Test">
    <classes>
      <class name="com.crm.testcases.HomePageTest"/>
      <class name="com.crm.testcases.ContactsPageTest"/>
      <class name="com.crm.testcases.LoginPageTest"/>
    </classes>
  </test> <!-- Test -->
</suite> <!-- Suite -->